{
    "accuracy": {
        "cable_flyes": 0.86,
        "incline_benchpress": 0.82,
        "machine_pulldown": 0.83,
        "pullup": 0.92,
        "romanian_deadlift": 1.0,
        "squats": 0.89
    },
    "loss_curve": [
        1.82446,
        1.69203,
        1.62159,
        1.33373,
        1.44704,
        1.30489,
        1.17807,
        1.24767,
        1.11483,
        1.10269,
        1.09333,
        0.99577,
        1.03874,
        0.98081,
        0.95838,
        1.001,
        0.95377,
        0.96702,
        1.01883,
        0.92499,
        0.95763,
        0.96738,
        0.87746,
        0.95465,
        0.88757,
        0.9161
    ],
    "dataset_distribution": {
        "cable_flyes": 50,
        "incline_benchpress": 51,
        "machine_pulldown": 44,
        "pullup": 50,
        "romanian_deadlift": 50,
        "squats": 50
    }
}